Price,Close,High,Low,Open,Volume,SMA_10,SMA_30,EMA_10,MA20,Upper,Lower,RSI,EMA_12,EMA_26,MACD,Signal,Histograma
2024-11-08,7.090000152587891,7.099999904632568,6.849999904632568,7.099999904632568,11800,7.0180000305175785,7.861000013351441,7.057863832327918,6.989250040054321,,,51.31004216780541,7.100080654775162,7.7657734386663355,-0.6656927838911733,-0.6656927838911733,0.0
2024-11-11,7.079999923706055,7.090000152587891,6.9670000076293945,6.9670000076293945,6400,7.0,7.692000023523966,7.0618885762148516,6.990750026702881,,,55.16431289015847,7.0969913115337615,7.714975400521129,-0.6179840889873676,-0.6561510449104122,0.03816695592304464
2024-11-12,7.0,7.050000190734863,6.809999942779541,7.050000190734863,12000,6.992000007629395,7.536333354314168,7.05063610781215,7.004250025749206,,,53.287980829635956,7.082069571297799,7.6620142597417855,-0.5799446884439865,-0.6409097736171272,0.0609650851731407
2024-11-13,6.889999866485596,6.889999866485596,6.690000057220459,6.888000011444092,4200,6.95,7.386000029246012,7.0214295184800495,7.013250017166138,,,40.62499922389808,7.052520385942076,7.604828008389475,-0.5523076224473993,-0.6231893433831817,0.07088172093578238
2024-11-14,6.920000076293945,6.940000057220459,6.78000020980835,6.78000020980835,3400,6.957000017166138,7.222000026702881,7.002987801718939,7.022750020027161,,,40.93264863168791,7.03213264599621,7.554100013419436,-0.5219673674232261,-0.6029449481911906,0.08097758076796446
2024-11-15,6.355000019073486,6.760000228881836,6.355000019073486,6.760000228881836,9100,6.917500019073486,7.044500017166138,6.8851718412379475,6.9845000267028805,,,31.79074821186144,6.927958395700406,7.465277791616032,-0.5373193959156257,-0.5898198377360776,0.05250044182045188
2024-11-18,6.03000020980835,6.5,5.622000217437744,6.21999979019165,48400,6.847500038146973,6.96333335240682,6.729686090068929,6.934500026702881,,,30.038032740756023,6.789810982486244,7.358960933704352,-0.5691499512181082,-0.5856858604324837,0.016535909214375533
2024-11-19,5.900000095367432,6.260000228881836,5.78000020980835,5.992000102996826,14400,6.751500034332276,6.910333363215129,6.578834091032292,6.886500024795533,,,22.13439793011264,6.652916999852581,7.250889760494209,-0.5979727606416283,-0.5881432404743127,-0.009829520167315642
2024-11-20,5.809999942779541,6.019999980926514,5.769999980926514,6.019999980926514,2800,6.633500051498413,6.865333366394043,6.439046064077246,6.834250020980835,,,25.925935737386453,6.523237452610575,7.144157181404234,-0.620919728793659,-0.594698538138182,-0.02622119065547701
2024-11-21,5.84499979019165,6.017000198364258,5.75,5.843999862670898,3700,6.492000007629395,6.829500023523966,6.331037650643501,6.764000010490418,,,28.400957315692267,6.4188931968538165,7.047923300573672,-0.6290301037198551,-0.6015648512545166,-0.027465252465338486
2024-11-22,5.619999885559082,6.190000057220459,5.519999980926514,5.940000057220459,37000,6.344999980926514,6.7745000203450525,6.201758056991788,6.681500005722046,,,25.869569318730512,6.295986533577703,6.942151195757776,-0.6461646621800732,-0.6104848134396279,-0.035679848740445275
2024-11-25,5.730000019073486,5.949999809265137,5.710000038146973,5.75,20300,6.209999990463257,6.730500014623006,6.115983868279368,6.604999995231628,,,25.219303198907127,6.208911685192439,6.852362219707088,-0.6434505345146491,-0.6170779576546321,-0.026372576860016927
2024-11-26,5.550000190734863,5.855000019073486,5.510000228881836,5.855000019073486,13300,6.065000009536743,6.691166687011719,6.013077745089458,6.528500008583069,,,19.098733087124458,6.10754068604512,6.755890958301738,-0.6483502722566188,-0.6233324205750295,-0.02501785168158932
2024-11-27,5.510000228881836,5.980000019073486,5.510000228881836,5.650000095367432,12100,5.927000045776367,6.6511666933695475,5.92160910577898,6.438500022888183,,,8.333340902175735,6.0156113849430755,6.663602756122486,-0.647991371179411,-0.6282642106959058,-0.0197271604835052
2024-11-29,5.300000190734863,5.78000020980835,5.300000190734863,5.510000228881836,29100,5.765000057220459,6.603500032424927,5.808589303043686,6.361000037193298,,,8.177577694363464,5.905517355064888,6.562595158686365,-0.657077803621477,-0.63402692928102,-0.02305087434045705
2024-12-02,5.670000076293945,5.829999923706055,5.349999904632568,5.659999847412109,38400,5.696500062942505,6.555166705449422,5.78339126181646,6.307000041007996,,,21.800003051757812,5.869283927561666,6.496477004435075,-0.6271930768734091,-0.6326601587994979,0.0054670819260888015
2024-12-03,5.760000228881836,6.111999988555908,5.699999809265137,5.699999809265137,8200,5.669500064849854,6.512833372751872,5.779138346737437,6.258500051498413,,,25.298811592727148,5.852471050841692,6.441923169208909,-0.589452118367217,-0.6240185507130417,0.03456643234582468
2024-12-04,5.760000228881836,6.179999828338623,5.619999885559082,5.849999904632568,21700,5.655500078201294,6.4761667092641195,5.775658688945509,6.203500056266785,,,26.45834181871645,5.838244770540175,6.391410358814311,-0.553165588274136,-0.6098479582252605,0.05668236995112452
2024-12-05,5.659999847412109,5.980000019073486,5.650000095367432,5.869999885559082,10500,5.640500068664551,6.43633337020874,5.754629808666708,6.137000060081482,,,24.493925249702414,5.8108224746743184,6.3372318024141485,-0.5264093277398301,-0.5931602321281745,0.06675090438834441
2024-12-06,5.619999885559082,5.809999942779541,5.619999885559082,5.800000190734863,10500,5.618000078201294,6.382000033060709,5.730151640828958,6.055000042915344,7.248275006096433,4.861725079734255,31.10539669293233,5.7814651532719745,6.284103512276737,-0.5026383590047621,-0.5750558575034921,0.07241749849873003
2024-12-09,5.53000020980835,5.869999885559082,5.5,5.630000114440918,29700,5.609000110626221,6.3240000406901045,5.693760471552483,5.977000045776367,7.0864113653510445,4.8675887262016895,35.38011728520718,5.742778238892956,6.228244008390189,-0.4854657694972335,-0.5571378399022404,0.0716720704050069
2024-12-10,5.659999847412109,5.679999828338623,5.619999885559082,5.679999828338623,6200,5.602000093460083,6.270666694641113,5.687622176254234,5.90600004196167,6.893216159208159,4.918783924715181,42.98244708988439,5.730043101742056,6.1861518483177385,-0.45610874657568257,-0.5369320212369288,0.08082327466124628
2024-12-11,5.369999885559082,5.739999771118164,5.260000228881836,5.739999771118164,22600,5.584000062942505,6.2136666933695475,5.629872668855114,5.824500036239624,6.69349154319833,4.955508529280919,38.48167009897994,5.674651837713906,6.125696147372652,-0.4510443096587462,-0.5197544789212923,0.06871016926254614
2024-12-12,5.329999923706055,5.538000106811523,5.21999979019165,5.300000190734863,33800,5.566000032424927,6.147666692733765,5.575350351555285,5.746500039100647,6.482707263647783,5.0102928145535115,36.55352467415081,5.621628466328083,6.066755686360311,-0.44512722003222827,-0.5048290271434795,0.05970180711125128
2024-12-13,5.079999923706055,5.25,5.079999923706055,5.179999828338623,11200,5.5440000057220455,6.0886666933695475,5.485286637400879,5.654500031471253,6.211247192541753,5.097752870400752,36.08247219965028,5.538300998232387,5.993662666904441,-0.45536166867205363,-0.49493555544919443,0.0395738867771408
2024-12-16,5.184999942779541,5.35699987411499,5.019999980926514,5.170000076293945,8200,5.495499992370606,6.036500024795532,5.430689056560635,5.596000027656555,6.084527406232036,5.107472649081075,35.91730680327295,5.48394698970118,5.93376172437667,-0.44981473467549016,-0.4859113912944536,0.03609665661896344
2024-12-17,5.239999771118164,5.320000171661377,4.849999904632568,5.179999828338623,18400,5.443499946594239,5.986833349863688,5.396018277389277,5.556500005722046,6.024599239033187,5.088400772410904,41.436449970019844,5.4464166483807155,5.882371950061225,-0.4359553016805098,-0.47592017337166487,0.03996487169115509
2024-12-18,4.789999961853027,5.414999961853027,4.78000020980835,5.340000152587891,20900,5.346499919891357,5.917833344141642,5.285833129109958,5.500999999046326,6.053264281494025,4.948735716598627,33.78377275394594,5.345429465837994,5.801455506490248,-0.4560260406522536,-0.47194134682778266,0.015915306175529054
2024-12-19,4.659999847412109,5.081999778747559,4.401000022888184,4.869999885559082,42600,5.246499919891358,5.840166680018107,5.172045259710349,5.443499994277954,6.091477496774823,4.795522491781085,35.046716685561904,5.239978755310935,5.716903235447423,-0.47692448013648736,-0.47293797348952366,-0.003986506646963706
2024-12-20,4.699999809265137,4.860000133514404,4.659999847412109,4.699999809265137,16800,5.154499912261963,5.75483333269755,5.086218814174856,5.386249995231628,6.085188242478144,4.687311747985112,23.204404606722505,5.156905071303889,5.641577055730217,-0.48467198442632764,-0.47528477567688443,-0.00938720874944321
2024-12-23,4.7210001945495605,4.900000095367432,4.710000038146973,4.710000038146973,11700,5.073599910736084,5.675866667429606,5.019815428788439,5.341300010681152,6.090749347167872,4.591850674194433,20.16082095980407,5.089842782572454,5.573386177124243,-0.48354339455178863,-0.4769364994518653,-0.006606895099923349
2024-12-24,4.860000133514404,4.860000133514404,4.739999771118164,4.75,5000,4.993599939346313,5.601866674423218,4.990758102374977,5.297800016403198,6.053225284991723,4.542374747814674,26.063822636833905,5.054482375025062,5.520542766486477,-0.466060391461415,-0.47476127785377525,0.008700886392360274
2024-12-26,5.420000076293945,5.420000076293945,4.748000144958496,4.75,18500,4.9985999584198,5.549200010299683,5.068802097632971,5.2913000106811525,6.039793623946646,4.542806397415659,44.87179800682,5.110715867527967,5.513095159805548,-0.4023792922775815,-0.4602848807385365,0.057905588460955004
2024-12-27,5.150000095367432,5.449999809265137,5.011000156402588,5.449999809265137,25000,4.980599975585937,5.491200017929077,5.083565369948326,5.273300004005432,6.016948003509651,4.529652004501213,40.856032427905255,5.116759594887884,5.486199229106428,-0.3694396342185442,-0.44211583143453803,0.07267619721599383
2024-12-30,4.599999904632568,5.110000133514404,4.599999904632568,5.110000133514404,29200,4.932599973678589,5.413866678873698,4.995644376254552,5.238299989700318,6.040261893620086,4.43633808578055,34.6534589581658,5.037258104079374,5.420554834700957,-0.3832967306215833,-0.4303520112719471,0.047055280650363795
2024-12-31,4.650000095367432,4.889999866485596,4.599999904632568,4.599999904632568,16000,4.879099988937378,5.357033348083496,4.932799961547802,5.187299990653992,6.003277358207913,4.371322623100071,32.88136179506705,4.977679948892922,5.363476705861437,-0.38579675696851545,-0.42144096041126083,0.03564420344274538
2025-01-02,5.699999809265137,5.75,4.699999809265137,4.78000020980835,49600,4.9250999927520756,5.346033334732056,5.072290842950954,5.184299969673157,5.991808952100765,4.376790987245549,54.447438279149985,5.088806081257879,5.3884043431506,-0.2995982618927213,-0.397072420707553,0.09747415881483168
2025-01-03,5.699999809265137,5.855000019073486,5.473999977111816,5.75,14000,5.016099977493286,5.339366658528646,5.186419745917169,5.181299948692322,5.980203358691643,4.382396538693001,55.040870270671995,5.182835885566688,5.411485488788713,-0.2286496032220251,-0.3633878572104474,0.13473825398842232
2025-01-06,5.539999961853027,5.980000019073486,5.53000020980835,5.710000038146973,15600,5.104099988937378,5.3303666591644285,5.250707057905506,5.175299954414368,5.960755066964246,4.389844841864489,56.42458167528081,5.237784204995356,5.42100507938607,-0.183220874390714,-0.32735446064650076,0.14413358625578676
2025-01-07,5.5,5.64300012588501,5.5,5.599999904632568,7100,5.184100008010864,5.318866666158041,5.296033047377232,5.169299960136414,5.942184622044749,4.396415298228078,54.48079757020597,5.2781250965345325,5.426856554987102,-0.14873145845256985,-0.2916298602077146,0.14289840175514473
2025-01-08,5.28000020980835,5.480000019073486,5.151000022888184,5.390999794006348,12900,5.240000009536743,5.307533343633016,5.2931179860010715,5.156799960136413,5.91302892895424,4.400570991318586,50.543484246686006,5.278413575499735,5.415978307196084,-0.1375647316963482,-0.2608168345054413,0.1232521028090931
2025-01-10,5.130000114440918,5.380000114440918,5.130000114440918,5.269999980926514,10800,5.267000007629394,5.28753334681193,5.263460191171953,5.130299973487854,5.848470723218922,4.412129223756786,55.02958788574079,5.2555807353368404,5.394794737362368,-0.13921400202552725,-0.2364962680094585,0.09728226598393125
2025-01-13,5.090000152587891,5.309999942779541,4.989999771118164,5.130000114440918,8900,5.234000015258789,5.272200012207032,5.231922002338488,5.116299986839294,5.825658756967347,4.406941216711242,56.53495912099634,5.23010679952931,5.372217360712407,-0.14211056118309706,-0.21761912664418623,0.07550856546108917
2025-01-14,4.769999980926514,5.099999904632568,4.699999809265137,5.099999904632568,7600,5.196000003814698,5.247533337275187,5.147936180263582,5.088299989700317,5.806298361180834,4.370301618219801,50.98039451394201,5.15932113512888,5.327608665913451,-0.16828753078457126,-0.20775280747226327,0.03946527668769201
2025-01-15,4.820000171661377,4.849999904632568,4.710000038146973,4.849999904632568,2400,5.218000030517578,5.231533336639404,5.088311451426818,5.075300002098084,5.803276837992173,4.347323166203995,51.37538174133671,5.107117909980033,5.290008036709594,-0.18289012672956062,-0.20278027132372275,0.019890144594162135
2025-01-16,4.630000114440918,4.699999809265137,4.599999904632568,4.699999809265137,7400,5.216000032424927,5.196866671244304,5.004982117429381,5.047550010681152,5.799826621633243,4.295273399729061,46.849314889533815,5.033715172204785,5.2411185609859885,-0.2074033887812039,-0.203704894815219,-0.0036984939659849003
2025-01-17,5.129000186920166,5.459000110626221,4.630000114440918,4.630000114440918,72800,5.1589000701904295,5.175833336512247,5.027530857336796,5.042000031471252,5.789923704415424,4.2940763585270805,45.94594774136109,5.0483744052379205,5.232813496240372,-0.18443909100245115,-0.19985173405266543,0.01541264305021428
2025-01-21,5.760000228881836,5.800000190734863,5.099999904632568,5.519999980926514,88900,5.164900112152099,5.175833336512247,5.160707106708621,5.090500044822693,5.893399641364885,4.2876004482805,57.7215201181204,5.157855301183138,5.271864365324924,-0.11400906414178635,-0.18268320007048963,0.06867413592870328
2025-01-22,5.5,5.849999904632568,5.400000095367432,5.75,19100,5.160900115966797,5.1705000082651775,5.222396723670689,5.132500052452087,5.92843137064857,4.3365687342556045,62.295082180792406,5.210492947154963,5.288763301226782,-0.07827035407181882,-0.16180063087075547,0.08353027679893665
2025-01-23,5.5,5.574999809265137,5.25,5.574999809265137,17500,5.160900115966797,5.166500012079875,5.272870046639655,5.17250006198883,5.957243585151266,4.387756538826395,61.772851429302825,5.255032493746507,5.304410464098872,-0.04937797035236535,-0.13931609876707743,0.08993812841471208
2025-01-24,5.623000144958496,5.623000144958496,5.300000190734863,5.489999771118164,10600,5.195200109481812,5.169600009918213,5.336530064515808,5.2176000595092775,5.996745932666035,4.43845418635252,48.5650456931821,5.311642901625274,5.328009699718103,-0.016366798092828816,-0.11472623863222771,0.09835944053939889
2025-01-27,5.199999809265137,5.559999942779541,5.099999904632568,5.394999980926514,16800,5.202200078964234,5.1542666753133135,5.311706381742958,5.234600043296814,5.995517281777806,4.473682804815821,41.95106479272481,5.294467041262176,5.318527485610476,-0.024060444348299903,-0.09659307977544215,0.07253263542714225
2025-01-28,5.300000190734863,5.491000175476074,5.019999980926514,5.491000175476074,2500,5.223200082778931,5.151933352152507,5.309577983377849,5.22860004901886,5.985242280620697,4.471957817417024,46.06041270346191,5.295318295027204,5.317155093397467,-0.021836798370262755,-0.08164182349440628,0.05980502512414353
2025-01-29,5.09499979019165,5.25,5.002999782562256,5.25,6500,5.2557000637054445,5.144100014368693,5.270563766434904,5.225850033760071,5.984093195885507,4.467606871634635,43.69355382175627,5.264500063514042,5.300699145011851,-0.03619908149780926,-0.07255327509508688,0.03635419359727762
2025-01-30,4.929999828338623,5.119999885559082,4.769999980926514,5.090000152587891,12800,5.266700029373169,5.139100011189779,5.208643050417398,5.242350029945373,5.956319549235658,4.528380510655088,44.4550038860088,5.213038488871669,5.27323993636939,-0.06020144749772083,-0.07008290957561367,0.009881462077892839
2025-01-31,4.960000038146973,5.349999904632568,4.900000095367432,5.053999900817871,8100,5.299700021743774,5.131600014368693,5.163435230004593,5.25785002708435,5.929903021299133,4.585797032869568,47.20026423921754,5.174109496452485,5.250036980945508,-0.07592748449302267,-0.07125182455909547,-0.004675659933927198
2025-02-03,4.869999885559082,4.938000202178955,4.699999809265137,4.938000202178955,16300,5.273799991607666,5.119266684850057,5.110083349196318,5.216350030899048,5.875831268354202,4.556868793443894,46.43551361781608,5.1273234024688845,5.221886084990957,-0.09456268252207245,-0.07591399615169087,-0.018648686370381584
2025-02-04,4.949999809265137,4.988999843597412,4.800000190734863,4.800000190734863,2600,5.1927999496459964,5.124600013097127,5.0809772510270115,5.1788500308990475,5.807088833901272,4.550611227896823,53.1623277477302,5.1000428496683075,5.201746360863118,-0.10170351119481058,-0.08107189916031482,-0.02063161203449576
2025-02-05,5.099999904632568,5.110000133514404,4.800000190734863,5.0,11800,5.152799940109253,5.139266681671143,5.084435915318931,5.156850028038025,5.762239339378543,4.551460716697506,54.75219861273824,5.100036242739732,5.1942095863275215,-0.09417334358778984,-0.08369218804580983,-0.010481155541980008
2025-02-06,4.949999809265137,5.25,4.863999843597412,5.110000133514404,11200,5.097799921035767,5.147600015004476,5.059992986945513,5.129350018501282,5.718866704772666,4.539833332229898,55.50584084086055,5.076953714512871,5.176119973211789,-0.0991662586989186,-0.08678700217643158,-0.012379256522487017
2025-02-07,4.550000190734863,4.949999809265137,4.5,4.949999809265137,17300,4.9904999256134035,5.1419000148773195,4.967267023998121,5.092850017547607,5.731445990224118,4.454254044871097,39.686503953227515,4.995883941623947,5.12974073006535,-0.13385678844140347,-0.09620095942942596,-0.03765582901197752
2025-02-10,4.480000019073486,4.900000095367432,4.434999942779541,4.75,52800,4.918499946594238,5.1292333443959555,4.878673023102733,5.060350012779236,5.754711190181329,4.365988835377143,21.504914752154207,4.916517184308491,5.081611788510398,-0.16509460420190702,-0.10997968838392216,-0.05511491581798486
2025-02-11,4.554999828338623,4.610000133514404,4.239999771118164,4.539999961853027,24200,4.843999910354614,5.1004000027974445,4.81982335132744,5.033599996566773,5.763465344353096,4.303734648780449,27.0742461130624,4.8608991295438955,5.042603495164341,-0.18170436562044578,-0.12432462383122689,-0.0573797417892189
2025-02-12,4.610000133514404,4.6529998779296875,4.480000019073486,4.480000019073486,12500,4.79549994468689,5.082400004069011,4.781673675361433,5.025600004196167,5.77097354547672,4.280226462915613,28.96977336956631,4.822299284000897,5.0105588017087905,-0.18825951770789384,-0.1371116026065603,-0.05114791510133354
2025-02-13,4.579999923706055,4.639999866485596,4.485000133514404,4.639999866485596,10300,4.760499954223633,5.081733338038126,4.7450057205150005,5.013599991798401,5.7803321258841915,4.24686785771261,24.221469109793148,4.785022459340151,4.978665551486365,-0.193643092146214,-0.14841790051449105,-0.04522519163172295
2025-02-14,4.781000137329102,4.817999839782715,4.519999980926514,4.519999980926514,10400,4.742599964141846,5.086100006103516,4.751550159935746,5.02114999294281,5.774840570509196,4.2674594153764245,38.367592681336966,4.784403640569221,4.964023668956198,-0.1796200283869771,-0.15465832608898827,-0.02496170229798883
2025-02-18,4.815000057220459,5.0,4.699999809265137,4.699999809265137,16900,4.737099981307983,5.056600014368693,4.763086504896603,5.005449986457824,5.76275426229673,4.248145710618918,36.02305966562056,4.7891107815924885,4.952984882901699,-0.16387410130921065,-0.15650148113303275,-0.007372620176177902
2025-02-19,4.809999942779541,4.818999767303467,4.5,4.800000190734863,15200,4.723099994659424,5.026933352152507,4.771616220875319,4.95794997215271,5.630400481154628,4.285499463150791,40.716622192952755,4.792324498698189,4.942393405855613,-0.15006890715742394,-0.155214966337911,0.00514605918048705
2025-02-20,4.840000152587891,4.840000152587891,4.39300012588501,4.572000026702881,24000,4.697100019454956,5.003600025177002,4.784049663004877,4.924949979782104,5.548389497101338,4.30151046246287,46.78572827454901,4.79965921468122,4.934808720428375,-0.13514950574715545,-0.1512018742197599,0.01605236847260444
2025-02-21,4.510000228881836,4.690000057220459,4.510000228881836,4.690000057220459,11100,4.653100061416626,4.970600032806397,4.7342224931643235,4.875449991226196,5.462809962178516,4.288090020273875,36.76471743203672,4.755096293789007,4.903341424758261,-0.1482451309692534,-0.1506105255696586,0.0023653946004051907
2025-02-24,4.5,4.690000057220459,4.320000171661377,4.519999980926514,35600,4.64810004234314,4.944600025812785,4.691636585316265,4.819299983978271,5.313004720116232,4.325595247840311,38.58025636165194,4.7158507101291605,4.8734642821835745,-0.15761357205441406,-0.1520111348666097,-0.005602437187804371
2025-02-25,4.630000114440918,4.659999847412109,4.329999923706055,4.5,70100,4.663100051879883,4.9279333591461185,4.680429954248019,4.790799999237061,5.257014957978407,4.324585040495715,40.419176722594585,4.702642926177123,4.855429899387822,-0.15278697321069856,-0.15216630253542748,-0.0006206706752710789
2025-02-26,4.440000057220459,4.480000019073486,4.329999923706055,4.429999828338623,6100,4.651600074768067,4.906266689300537,4.636715427515735,4.74779999256134,5.173114388879277,4.3224855962434034,30.701770040812775,4.6622363309530215,4.824657318486536,-0.16242098753351453,-0.1542172395350449,-0.008203747998469624
2025-02-27,4.199999809265137,4.480000019073486,4.190000057220459,4.394999980926514,27200,4.6106000423431395,4.887266683578491,4.557312587833808,4.703049993515014,5.161588791207615,4.2445111958224135,29.166679912134867,4.591123019924116,4.778386391877543,-0.1872633719534269,-0.1608264660187213,-0.0264369059347056
2025-02-28,4.380000114440918,4.445000171661377,4.295000076293945,4.300000190734863,17400,4.590600061416626,4.872600015004476,4.5250739563078275,4.67555000782013,5.14266989557092,4.208430120069339,44.62025698475088,4.5586425729267015,4.748876297252608,-0.1902337243259069,-0.16670791768015844,-0.023525806645748465
2025-03-03,4.010000228881836,4.460000038146973,3.8399999141693115,4.460000038146973,21300,4.513500070571899,4.851933352152506,4.43142418768492,4.628050017356872,5.16182986688882,4.0942701678249245,37.500015852286126,4.474236058458261,4.694144736632552,-0.21990867817429116,-0.177348069778985,-0.04256060839530615
2025-03-04,4.070000171661377,4.190000057220459,4.01200008392334,4.189000129699707,4200,4.439000082015991,4.816633351643881,4.365710730226094,4.588050031661988,5.1637426253146534,4.012357438009322,36.997339941378485,4.412045922027971,4.647911805893947,-0.2358658838659755,-0.1890516325963831,-0.046814251269592405
2025-03-05,4.329999923706055,4.364999771118164,4.25,4.25,3400,4.391000080108642,4.7689666748046875,4.359217856313359,4.557050037384033,5.11724108470919,3.9968589900588762,43.23671358480683,4.399423460747677,4.624362777583733,-0.22493931683605606,-0.19622916944431773,-0.028710147391738328
2025-03-06,4.139999866485596,4.380000114440918,4.139999866485596,4.380000114440918,3800,4.321000051498413,4.723633337020874,4.319360039981039,4.509050035476685,5.036940141301067,3.9811599296523026,40.13453216842565,4.3595121385535105,4.588484043428315,-0.2289719048748049,-0.20277771653041515,-0.026194188344389746
2025-03-07,4.059999942779541,4.269999980926514,4.039999961853027,4.139999866485596,2800,4.276000022888184,4.675633335113526,4.272203658671675,4.464550042152405,4.985940313761237,3.943159770543573,32.906591723294355,4.313433339203669,4.549337073009887,-0.23590373380621887,-0.20940291998557592,-0.026500813820642954
2025-03-10,4.039999961853027,4.239999771118164,4.039999961853027,4.210000038146973,5300,4.230000019073486,4.622866662343343,4.229984804704648,4.439050030708313,4.991787363192081,3.8863126982245446,31.503584243667106,4.271366665765108,4.511608398109379,-0.2402417323442707,-0.2155706824573149,-0.024671049886955815
2025-03-11,4.010000228881836,4.159999847412109,3.759999990463257,4.0,41400,4.168000030517578,4.5832000096639,4.1899876091005,4.41555004119873,5.000011105533758,3.8310889768637018,31.13208544470568,4.231156444706143,4.474452237425858,-0.24329579271971458,-0.22111570450979484,-0.022180088209919735
2025-03-12,4.050000190734863,4.210000038146973,3.9049999713897705,3.9049999713897705,7400,4.129000043869018,4.541533342997233,4.1645353512158385,4.390300059318543,4.992751929076235,3.787848189560851,31.455400952868345,4.203286251787485,4.443011345078377,-0.23972509329089142,-0.2248375822660142,-0.014887511024877231
2025-03-13,3.9700000286102295,4.139999866485596,3.9600000381469727,4.139999866485596,5000,4.106000065803528,4.504033350944519,4.129165292560273,4.358300054073334,4.979319284138662,3.737280824008006,35.638295241533825,4.167396063606369,4.40797346978444,-0.24057740617807077,-0.22798554704842552,-0.01259185912964525
2025-03-14,4.050000190734863,4.230000019073486,3.984999895095825,3.984999895095825,15400,4.073000073432922,4.474700029691061,4.114771637682926,4.3318000674247745,4.958195131467102,3.7054050033824475,38.46154504508801,4.149335160087675,4.381456930595582,-0.2321217705079066,-0.22881279174032176,-0.003308978767584847
2025-03-17,4.079999923706055,4.329999923706055,4.021999835968018,4.329999923706055,2800,4.080000042915344,4.44536669254303,4.108449507868949,4.296750056743622,4.8951362604648505,3.698363853022393,35.13512921385529,4.138668200644349,4.359126781937098,-0.22045858129274887,-0.2271419496508072,0.006683368358058328
2025-03-18,4.289999961853027,4.289999961853027,4.070000171661377,4.159999847412109,18500,4.10200002193451,4.426033361752828,4.141458681320599,4.27050005197525,4.81697102247569,3.72402908147481,45.98930201745479,4.1619500100610685,4.354006276745686,-0.1920562666846175,-0.22012481305756926,0.028068546372951753
2025-03-19,4.230000019073486,4.369999885559082,4.199999809265137,4.369999885559082,2600,4.092000031471253,4.40203336874644,4.157557106366578,4.241500055789947,4.725399806719455,3.7576003048604387,50.88758039222546,4.172419242216825,4.344820628029226,-0.1724013858124014,-0.2105801276085357,0.03817874179613431
2025-03-20,4.139999866485596,4.159999847412109,4.050000190734863,4.156000137329102,3900,4.092000031471253,4.370033367474874,4.154364880933672,4.206500041484833,4.601163123658209,3.811836959311457,42.499989569183434,4.167431645950482,4.329648719766736,-0.1622170738162536,-0.2009075168500793,0.03869044303382568
2025-03-21,6.099999904632568,7.300000190734863,4.144999980926514,4.144999980926514,10710900,4.2960000276565555,4.408366703987122,4.50811670342438,4.28600002527237,5.215819410630442,3.356180639914297,82.75861991648921,4.46474983959388,4.460785844571612,0.003963995022267852,-0.15993321447560988,0.16389720949787773
2025-03-24,6.699999809265137,7.099999904632568,6.179999828338623,6.710000038146973,2406600,4.562000012397766,4.48003335793813,4.906640904486336,4.396000015735626,5.821059824968893,2.9709402065023593,85.25469115777611,4.808634450312535,4.626653545660021,0.18198090465251404,-0.0915503906499851,0.27353129530249914
2025-03-25,4.900000095367432,6.619999885559082,4.0,6.599999904632568,626200,4.650999999046325,4.494033360481263,4.905433484646535,4.409500014781952,5.848936561642274,2.97006346792163,55.40797177702839,4.822690703397904,4.646901438230941,0.17578926516696303,-0.03808245948659548,0.2138717246535585
2025-03-26,3.940000057220459,4.489999771118164,3.9100000858306885,4.329999923706055,201800,4.639999985694885,4.473533368110656,4.72990013420543,4.384500014781952,5.8389952918011545,2.930004737762749,48.34437229869555,4.686892142447528,4.594538372970905,0.092353769476623,-0.011995213693951786,0.10434898317057478
2025-03-27,3.430000066757202,4.03000020980835,3.3399999141693115,3.9100000858306885,85100,4.585999989509583,4.434200032552083,4.493554667396661,4.346000027656555,5.8605802732350165,2.831419782078094,45.13137620040723,4.493524130802863,4.5082762762143345,-0.014752145411471851,-0.0125466000374558,-0.0022055453740160505
2025-03-28,3.4200000762939453,3.5299999713897705,3.0,3.299999952316284,65900,4.52299997806549,4.3955333709716795,4.298362923559804,4.298000025749206,5.867882231975187,2.7281178195232254,45.201238949980876,4.3283665839553365,4.42766322436838,-0.09929664041304331,-0.029896608112573306,-0.06940003230047001
2025-03-31,3.0999999046325684,3.390000104904175,3.0999999046325684,3.390000104904175,40100,4.4249999761581424,4.339500029881795,4.0804787383003065,4.252500009536743,5.90794547666138,2.5970545424121063,43.259256857412836,4.1393870948287566,4.3293177932768385,-0.18993069844808197,-0.061903426179675036,-0.12802727226840693
2025-04-01,2.819999933242798,3.259999990463257,2.7899999618530273,3.059999942779541,49500,4.277999973297119,4.273000025749207,3.8513007737443954,4.189999997615814,5.964556950323608,2.41544304490802,41.201714908341025,3.936404454584763,4.217516470311354,-0.28111201572659095,-0.10574514408905822,-0.17536687163753273
2025-04-02,3.2300000190734863,3.380000114440918,2.809999942779541,2.809999942779541,105800,4.177999973297119,4.220333361625672,3.738337000167866,4.135000002384186,5.958790086531012,2.3112099182373593,44.945355080017606,3.8277268491214897,4.144367103552994,-0.3166402544315039,-0.14792416615754736,-0.16871608827395654
2025-04-03,2.859999895095825,3.130000114440918,2.75,3.0299999713897705,32700,4.0499999761581424,4.1543333530426025,3.578639344700222,4.071000003814698,5.981810196597896,2.1601898110314997,42.1813382914373,3.6788457792713873,4.049228791815425,-0.3703830125440377,-0.19241593543484542,-0.1779670771091923
2025-04-04,2.5399999618530273,2.7799999713897705,2.5,2.7699999809265137,40300,3.693999981880188,4.088666677474976,3.3897958205461864,3.9950000047683716,6.024856063759167,1.965143945777577,40.25316491606067,3.503638730437794,3.937434063670062,-0.4337953332322684,-0.24069181499433,-0.19310351823793837
2025-04-07,2.549999952316284,2.819000005722046,2.259999990463257,2.5299999713897705,43700,3.278999996185303,4.023666675885519,3.2371056626862043,3.9205000042915343,6.050313158937079,1.79068684964599,38.701298709341145,3.3569250722652537,3.834661166532745,-0.4777360942674913,-0.2881006708489623,-0.18963542341852901
2025-04-08,2.240000009536743,2.799999952316284,2.1700000762939453,2.799999952316284,43000,3.012999987602234,3.944000005722046,3.0558137257499385,3.83199999332428,6.089428397664319,1.5745715889842407,37.48427674464892,3.185090447230098,3.716538117866375,-0.5314476706362767,-0.3367700708064252,-0.19467759982985156
2025-04-09,2.440000057220459,2.4600000381469727,2.009999990463257,2.240000009536743,76400,2.862999987602234,3.877333339055379,2.943847604199124,3.7514999866485597,6.089580799621903,1.4134191736752162,39.45409540115405,3.070461156459384,3.621979743003714,-0.5515185865443302,-0.37971977395400625,-0.17179881259032392
2025-04-10,2.2200000286102295,2.430000066757202,2.059999942779541,2.430000066757202,20200,2.7419999837875366,3.811333346366882,2.8122389540920523,3.6639999866485597,6.09671901215787,1.2312809611392503,19.30379812495103,2.9396209829441293,3.518129393789382,-0.5785084108452527,-0.4194775013322556,-0.15903090951299714
2025-04-11,2.319999933242798,2.319999933242798,2.140000104904175,2.2200000286102295,19000,2.631999969482422,3.7426666736602785,2.7227409503012785,3.577499973773956,6.0746045607774075,1.0803953867705052,12.371134654103997,2.844294667605463,3.4293790633785237,-0.5850843957730607,-0.4525988802204166,-0.1324855155526441
2025-04-14,2.490000009536743,2.549999952316284,2.3299999237060547,2.5,20600,2.5709999799728394,3.6919999996821087,2.6804244156168173,3.497999978065491,6.028758913485591,0.9672410426453912,21.24105112428009,2.7897877971333527,3.3597954297606143,-0.5700076326272616,-0.47608063070178563,-0.09392700192547598
2025-04-15,2.569999933242798,2.630000114440918,2.490000009536743,2.490000009536743,8400,2.5459999799728394,3.6419999917348225,2.660347237003359,3.4119999766349793,5.946333434223164,0.8776665190467945,29.30513521177872,2.7559742796117286,3.3012920596481834,-0.5453177800364548,-0.48992806056871946,-0.055389719467735354
2025-04-16,2.380000114440918,2.549999952316284,2.3499999046325684,2.5299999713897705,11700,2.4609999895095824,3.5769999980926515,2.609375032901097,3.319499981403351,5.86315228785165,0.7758476749550516,32.44147242529664,2.6981321003546808,3.2330482118550528,-0.534916111500372,-0.49892567075505,-0.03599044074532198
2025-04-17,2.430000066757202,2.4649999141693115,2.380000114440918,2.380000114440918,4400,2.41800000667572,3.5200000047683715,2.576761402693116,3.233999991416931,5.776484420286325,0.6915155625475378,33.66336602500594,2.656881018262761,3.1735631640700266,-0.5166821458072657,-0.5024769657654932,-0.014205180041772514
2025-04-21,2.4200000762939453,2.4630000591278076,2.359999895095825,2.430000066757202,15600,2.406000018119812,3.465333342552185,2.5482593433478122,3.05,5.22529666506217,0.8747033349378297,37.500002191347406,2.6204377964214047,3.1177436760866133,-0.49730587966520856,-0.5014427485454362,0.004136868880227684
2025-04-22,2.680000066757202,2.799999952316284,2.5,2.5899999141693115,89400,2.419000029563904,3.4200000127156573,2.5722122021495193,2.8490000128746034,4.185372199951974,1.512627825797233,47.407409696749205,2.629601222626912,3.0853182235436942,-0.45571700091678213,-0.49229759901970543,0.0365805981029233
2025-04-23,2.75,2.861999988555908,2.609999895095825,2.6500000953674316,34000,2.4700000286102295,3.378000005086263,2.604537256304152,2.7415000081062315,3.6654566145184653,1.8175434016939975,39.830506591062374,2.6481241114535408,3.060479836614532,-0.41235572516099106,-0.47630922424796257,0.06395349908697151
2025-04-24,2.8499999046325684,2.8499999046325684,2.609999895095825,2.690000057220459,14500,2.5110000133514405,3.3379999955495196,2.6491668287275,2.687000000476837,3.42270874479553,1.9512912561581444,49.760765713984554,2.679181925788776,3.0448887305417935,-0.3657068047530174,-0.45418874034897355,0.08848193559595613
2025-04-25,2.9000000953674316,3.2249999046325684,2.809999942779541,2.880000114440918,41700,2.5790000200271606,3.3023333311080934,2.6947728772074875,2.660500001907349,3.317493935495509,2.0035060683191888,59.890115216452664,2.7131539518778003,3.0341562390473964,-0.3210022871695961,-0.4275514497130981,0.106549162543502
2025-04-28,2.680000066757202,2.9000000953674316,2.5899999141693115,2.8499999046325684,159000,2.615000033378601,3.256666660308838,2.6920869116710717,2.6235000014305117,3.1753304054870073,2.071669597374016,53.201973683283306,2.708053354166939,3.007922448507382,-0.2998690943404432,-0.40201497863856717,0.10214588429812399
2025-04-29,2.680000066757202,2.7799999713897705,2.6500000953674316,2.6700000762939453,29900,2.634000039100647,3.209999998410543,2.6898893035049136,2.602500009536743,3.108001299437762,2.096998719635724,62.790700898034174,2.70373746379621,2.9836319017110724,-0.27989443791486224,-0.3775908704938262,0.09769643257896399
2025-04-30,2.799999952316284,2.950000047683716,2.680000066757202,2.680000066757202,19400,2.6570000410079957,3.1603333314259845,2.709909421470617,2.6015000104904176,3.1052658066505403,2.097734214330295,60.975609046940406,2.7185470774146827,2.9700295350892363,-0.2514824576745536,-0.35236918792997174,0.10088673025541817
2025-05-01,3.0,3.059999942779541,2.869999885559082,2.940000057220459,45300,2.7190000295639036,3.119333330790202,2.762653163021414,2.5900000095367433,3.041103889035755,2.1388961300377316,74.07407843472575,2.761847527043193,2.9722495695270705,-0.2104020424838775,-0.3239757588407529,0.11357371635687541
2025-05-02,2.990000009536743,3.109999895095825,2.930000066757202,3.0299999713897705,16800,2.7750000238418577,3.08100000222524,2.803988953296928,2.596500015258789,3.0673011093148626,2.1256989212027158,71.89543115124715,2.7969479089652776,2.9735644169351945,-0.1766165079699169,-0.2945039086665857,0.11788740069666881
2025-05-05,3.0399999618530273,3.0999999046325684,2.9200000762939453,2.9200000762939453,5700,2.837000012397766,2.9790000041325886,2.8469000457616733,2.621500015258789,3.1311655154439326,2.1118345150736455,69.50354981689955,2.8343405324864697,2.9784855684105898,-0.1441450359241201,-0.2644321341180926,0.12028709819397249
2025-05-06,2.9800000190734863,3.0899999141693115,2.8940000534057617,2.940000057220459,6900,2.8670000076293944,2.8550000111262004,2.8711000409092753,2.6430000185966493,3.175722889325574,2.1102771478677247,64.74820847257524,2.8567496842690874,2.9785977499411747,-0.12184806567208728,-0.23591532042889155,0.11406725475680426
2025-05-07,2.7009999752044678,2.9600000381469727,2.7009999752044678,2.9600000381469727,12100,2.8621000051498413,2.7817000071207683,2.840172756235674,2.6660500168800354,3.164119724532723,2.1679803092273477,60.85192334817741,2.832788190566838,2.9580349518125297,-0.12524676124569156,-0.21378160859225157,0.08853484734656
2025-05-08,2.8399999141693115,2.950000047683716,2.7290000915527344,2.7300000190734863,24800,2.8611000061035154,2.74503333568573,2.840141330405426,2.686050009727478,3.1779868473960127,2.1941131720589437,63.073976062042355,2.83389768650568,2.94929161569081,-0.1153939291851298,-0.19410407271082722,0.07871014352569741
2025-05-09,2.744999885559082,2.8399999141693115,2.7200000286102295,2.8399999141693115,8000,2.8455999851226808,2.7221999963124595,2.8228428858879093,2.7123000025749207,3.1528738051465743,2.271726200003267,59.83060596689774,2.8202211017446652,2.9341588949403117,-0.11393779319564645,-0.17807081680779108,0.06413302361214462
2025-05-12,2.7699999809265137,2.9000000953674316,2.6500000953674316,2.809999942779541,21700,2.8545999765396117,2.700533326466878,2.813235084985837,2.7348000049591064,3.1351432786215554,2.3344567312966573,53.173480791919594,2.8124947754649496,2.921998975383734,-0.10950419991878446,-0.16435749342998976,0.0548532935112053
2025-05-13,2.7899999618530273,2.819999933242798,2.690000057220459,2.819999933242798,12300,2.8655999660491944,2.6901999950408935,2.809010517143508,2.7498000025749207,3.1336653842840914,2.36593462086575,51.46198687721863,2.8090340349092693,2.912221270677756,-0.10318723576848665,-0.15212344189768914,0.04893620612920249
2025-05-14,2.7260000705718994,2.819999933242798,2.7049999237060547,2.7899999618530273,3800,2.8581999778747558,2.687066666285197,2.7939177086759424,2.7576000094413757,3.1323129713747333,2.382887047508018,45.345351634285954,2.7962595788573665,2.8984271077069517,-0.10216752884958513,-0.14213225928806836,0.039964730438483226
2025-05-15,2.9149999618530273,2.994999885559082,2.75,2.75,120800,2.849699974060059,2.6765666643778485,2.8159326637990487,2.784350001811981,3.119902457738627,2.448797545885335,50.50985279959546,2.814527330087468,2.899654726532587,-0.08512739644511891,-0.13073128671947848,0.04560389027435957
2025-05-16,2.880000114440918,3.299999952316284,2.759999990463257,2.9000000953674316,1123100,2.8386999845504763,2.677233338356018,2.8275812911884795,2.806850004196167,3.100031627857123,2.5136683805352105,57.77605442323169,2.8246000661418447,2.898198829340611,-0.07359876319876646,-0.11930478201533608,0.04570601881656962
2025-05-19,3.069999933242798,3.0799999237060547,2.6649999618530273,2.7300000190734863,99200,2.8416999816894535,2.6949000040690105,2.871657407925628,2.83934999704361,3.0934773931461708,2.585222600941049,63.211383361412665,2.8623538918496836,2.9109248370370695,-0.04857094518738592,-0.10515801464974606,0.05658706946236014
2025-05-20,3.059999942779541,3.1700000762939453,2.9049999713897705,3.0,53500,2.849699974060059,2.711900003751119,2.905901505171794,2.8583499908447267,3.11905045896415,2.5976495227253036,59.516840893235724,2.8927609766081233,2.9219674374624374,-0.02920646085431411,-0.08996770389065967,0.06076124303634556
2025-05-21,2.9600000381469727,3.1489999294281006,2.930000066757202,3.059999942779541,16600,2.8755999803543095,2.7359000047047934,2.9157376020763714,2.868849992752075,3.1280879438676767,2.6096120416364736,48.42022182356036,2.9031054476141,2.9247846671427733,-0.021679219528673244,-0.07631000701826238,0.05463078748958913
2025-05-22,2.9619998931884766,3.049999952316284,2.7200000286102295,2.9200000762939453,21900,2.887799978256226,2.7532999992370604,2.9241489277331176,2.8744499921798705,3.136793630191983,2.612106354167758,48.88711706833655,2.9121661315486196,2.9275413505535663,-0.01537521900494676,-0.06412304941559926,0.048747830410652504
2025-05-23,2.990000009536743,3.0980000495910645,2.861999988555908,2.9000000953674316,15700,2.912299990653992,2.7789666652679443,2.936121851697413,2.878949987888336,3.146180964439983,2.611719011336689,47.977347136670424,2.924140574316023,2.9321679178856535,-0.008027343569630307,-0.05290390824640548,0.04487656467677517
2025-05-27,2.9800000190734863,3.0999999046325684,2.9600000381469727,3.049999952316284,6500,2.9332999944686895,2.800966668128967,2.944099700311244,2.8939499855041504,3.147488694082709,2.6404112769255916,50.0,2.9327343350479405,2.9357110364921595,-0.002976701444219021,-0.04291846688596819,0.03994176544174917
2025-05-28,3.0,3.0899999141693115,2.9200000762939453,3.0299999713897705,11700,2.9542999982833864,2.817966667811076,2.954263391163745,2.90994998216629,3.1464556645417643,2.673444299790816,66.12730532543127,2.943082898886719,2.9404731819371848,0.0026097169495340466,-0.033812830118867744,0.03642254706840179
2025-05-29,3.2200000286102295,3.380000114440918,3.0769999027252197,3.1500000953674316,60300,3.0036999940872193,2.839633337656657,3.002579143426742,2.9309499859809875,3.198851371436236,2.663048600525739,68.84922286851771,2.9856855342287973,2.9611788742833363,0.024506659945461085,-0.02214893210600198,0.046655592051463066
2025-05-30,3.069999933242798,3.2100000381469727,3.052000045776367,3.2100000381469727,12000,3.019199991226196,2.8626333316167196,3.0148374688478428,2.9344499826431276,3.2079208345207846,2.6609791307654707,65.28693342197215,2.998656980230951,2.9692396934655187,0.029417286765432316,-0.011835688331715121,0.04125297509714744
2025-06-02,3.200000047683716,3.299999952316284,3.0899999141693115,3.0899999141693115,16600,3.0511999845504763,2.888299997647603,3.0485033922725466,2.944949984550476,3.242469904513697,2.647430064587255,68.40754488976707,3.0296328367621457,2.986333053037237,0.043299783724908725,-0.0008085939203903523,0.044108377645299075
2025-06-03,3.299999952316284,3.359999895095825,3.0899999141693115,3.1500000953674316,32100,3.074199986457825,2.917633326848348,3.094230039553226,2.9579499840736387,3.2932760531480056,2.622623914999272,70.43270126272114,3.0712277776166284,3.009567638169018,0.061660139447610174,0.011685152753209752,0.049974986694400425
2025-06-04,3.299999952316284,3.359999895095825,3.119999885559082,3.2899999618530273,16200,3.098199987411499,2.9382999897003175,3.1316427509646907,2.973949980735779,3.3425887138069896,2.6053112476645683,74.23986932079274,3.106423496801191,3.0310811429206677,0.07534235388052313,0.02441659297867243,0.0509257609018507
2025-06-05,3.2699999809265137,3.490000009536743,3.1500000953674316,3.2699999809265137,52600,3.129199981689453,2.9556333223978677,3.156798610957749,3.002399981021881,3.3701684423609084,2.634631519682854,67.3170805459671,3.131589109743548,3.0487788346248044,0.08281027511874361,0.036095329406686666,0.04671494571205695
2025-06-06,3.2899999618530273,3.2950000762939453,3.0,3.2799999713897705,28000,3.161999988555908,2.970299990971883,3.1810170383932546,3.024899983406067,3.405666457108242,2.6441335097038916,70.297027132041,3.1559600100680836,3.066647066271339,0.08931294379674437,0.04673885228469821,0.042574091512046164
2025-06-09,3.2899999618530273,3.4000000953674316,3.11899995803833,3.319999933242798,11000,3.191999983787537,2.983299986521403,3.20083211538594,3.0521499872207642,3.426527348278282,2.6777726261632466,63.414636982969675,3.176581541111921,3.083191725203316,0.09338981590860529,0.05606904500947962,0.037320770899125666
2025-06-10,3.359999895095825,3.450000047683716,3.259999990463257,3.2750000953674316,44300,3.2299999713897707,3.005966647466024,3.229771711696828,3.0816499829292296,3.455396416824474,2.7079035490339853,67.04545423757929,3.204799749417137,3.1036960340842423,0.10110371533289486,0.06507597907416268,0.03602773625873218
2025-06-11,3.390000104904175,3.490000009536743,3.1540000438690186,3.3299999237060547,10100,3.268999981880188,3.029633315404256,3.258904146825436,3.111649990081787,3.4831421276708556,2.7401578524927186,76.54320805960585,3.2332921117997584,3.124903743033867,0.10838836876589131,0.07373845701250842,0.03464991175338289
2025-06-12,3.3499999046325684,3.440000057220459,3.2799999713897705,3.319999933242798,7600,3.281999969482422,3.047966647148132,3.275467011881278,3.1428499817848206,3.4813129070911466,2.8043870564784945,72.87734496335442,3.25124715685096,3.141577532781919,0.10966962406904113,0.08092469042381496,0.028744933645226164
2025-06-13,3.3499999046325684,3.450000047683716,3.2300000190734863,3.25,29500,3.309999966621399,3.0596333106358844,3.289018446926967,3.1645999789237975,3.497270412496805,2.83192954535079,71.95120213785765,3.2664398872789,3.157016226993078,0.10942366028582162,0.08662448439621631,0.02279917588960531
2025-06-16,3.315000057220459,3.3299999237060547,3.115999937057495,3.305000066757202,11000,3.321499967575073,3.070466645558675,3.293742376071238,3.1863499760627745,3.496813987267026,2.875885964858523,69.82248120020724,3.273910682654524,3.168718732935847,0.10519194971867707,0.09033797746070847,0.014853972257968598
2025-06-17,3.2200000286102295,3.2790000438690186,3.1600000858306885,3.1700000762939453,4100,3.3134999752044676,3.0764666477839153,3.2803346765328727,3.1938499808311462,3.4996922270072237,2.8880077346550688,61.95651920396209,3.2656167358784787,3.1725173474302455,0.09309938844823318,0.09089025965821342,0.0022091287900197626
2025-06-18,3.3299999237060547,3.3299999237060547,3.068000078201294,3.1500000953674316,17300,3.3164999723434447,3.0881333112716676,3.289364721473451,3.207349979877472,3.5121496561506262,2.9025503036043174,56.79011546226558,3.275521841698106,3.1841827234506757,0.09133911824743013,0.09098003137605676,0.0003590868713733708
2025-06-20,3.369999885559082,3.4049999713897705,3.200000047683716,3.369999885559082,7200,3.3264999628067016,3.110433308283488,3.304025660398111,3.2278499722480776,3.517370994852583,2.938328949643572,71.42856656288645,3.290056925369025,3.197946957680928,0.09210996768809698,0.09120601863846481,0.0009039490496321745
2025-06-23,3.369999885559082,3.4700000286102295,3.200000047683716,3.2699999809265137,23900,3.334499955177307,3.12809997399648,3.316020974063742,3.2482499718666076,3.5155419039900773,2.980958039743138,64.91226822678877,3.302355842321341,3.2106916190052357,0.09166422331610535,0.09129765957399293,0.00036656374211242737
2025-06-24,3.4019999504089355,3.630000114440918,3.190000057220459,3.190000057220459,22500,3.3456999540328978,3.149999976158142,3.3316535152174134,3.2688499689102173,3.5150088632260936,3.022691074594341,60.15936046840216,3.317685705104048,3.2248626065166213,0.09282309858742677,0.0916027473766797,0.001220351210747067
2025-06-25,3.430000066757202,3.5480000972747803,3.3499999046325684,3.4800000190734863,5900,3.3526999711990357,3.171999979019165,3.3495347064064656,3.291349971294403,3.5066747024679277,3.0760252401208783,62.26415688476108,3.334964837666072,3.2400579739418496,0.0949068637242223,0.09226357064618822,0.002643293078034084
2025-06-26,3.5,3.5,3.390000104904175,3.4100000858306885,9500,3.363699960708618,3.1956666469573975,3.3768920325143807,3.316349971294403,3.503507401798702,3.129192540790104,70.175434193564,3.3603548626405226,3.2593129388350457,0.10104192380547694,0.09401924127804596,0.007022682527430976
2025-06-27,3.4200000762939453,3.609999895095825,3.3499999046325684,3.609999895095825,13400,3.370699977874756,3.2187999804814655,3.3847298586561196,3.326349973678589,3.5132034625121853,3.1394964848449924,60.31746752588162,3.369531049356434,3.2712156897579274,0.09831535959850646,0.09487846494213807,0.003436894656368386
2025-06-30,3.4100000858306885,3.430000066757202,3.0999999046325684,3.0999999046325684,23900,3.376699995994568,3.235299984614054,3.3893244454151317,3.343349981307983,3.489417426232906,3.1972825363830606,59.37500814907115,3.375757054967858,3.2814960153929467,0.09426103957491128,0.09475497986869272,-0.0004939402937814419
2025-07-01,3.4100000858306885,3.6500000953674316,3.2799999713897705,3.359999895095825,4200,3.3861999988555906,3.2529666503270467,3.3930836527634143,3.353849983215332,3.4860640041928623,3.221635962237802,54.38598032252587,3.3810252135621397,3.2910148354253717,0.09001037813676804,0.09380605952230779,-0.003795681385539748
2025-07-02,3.5399999618530273,3.5399999618530273,3.4000000953674316,3.4600000381469727,7900,3.4181999921798707,3.268633317947388,3.4197957089615256,3.3658499836921694,3.5193389432605526,3.212361024123786,61.19402188398408,3.4054828671453534,3.3094581781237165,0.09602468902163697,0.09424978542217363,0.0017749035994633344
2025-07-03,3.5399999618530273,3.5450000762939453,3.499000072479248,3.499000072479248,2200,3.439199995994568,3.2846333185831704,3.4416510276690717,3.377849984169006,3.5464457800845746,3.209254188253438,65.0793782948142,3.426177804792688,3.3265353472888504,0.09964245750383771,0.09532831983850645,0.004314137665331258
2025-07-07,3.25,3.5999999046325684,3.240000009536743,3.440000057220459,38100,3.4272000074386595,3.2942999839782714,3.4068053862746948,3.3768499851226808,3.5483514484846594,3.205348521760702,44.56522020816025,3.3990735271322743,3.3208660623044914,0.07820746482778285,0.09190414883636173,-0.013696684008578888
2025-07-08,3.319999933242798,3.4800000190734863,3.2699999809265137,3.309999942779541,12200,3.422200012207031,3.3062333186467487,3.3910225766325315,3.378349983692169,3.547156677021247,3.2095432903630914,50.261773700000425,3.3869083588415854,3.320801904596218,0.06610645424536754,0.08674460991816291,-0.020638155672795366
2025-07-09,3.4000000953674316,3.490000009536743,3.365000009536743,3.450000047683716,9100,3.422000026702881,3.3198999881744387,3.3926548527661495,3.3838499903678896,3.5476294140117055,3.2200705667240737,59.57447348163482,3.388922472153254,3.3266684372459374,0.0622540349073164,0.0818464949159936,-0.019592460008677204
2025-07-10,3.4700000286102295,3.609999895095825,3.319999933242798,3.3299999237060547,14500,3.4260000228881835,3.3362333218256635,3.4067176120105276,3.3893499970436096,3.557097033236261,3.221602960850958,57.77778484203307,3.4013959423774036,3.3372855921618108,0.06411035021559286,0.07829926597591345,-0.014188915760320595
2025-07-11,3.5350000858306885,3.812999963760376,3.2639999389648438,3.4100000858306885,48700,3.4295000314712523,3.3540666580200194,3.4300416981596475,3.396599996089935,3.576554873310958,3.2166451188689122,58.91893020418167,3.4219504259856013,3.3519311102113574,0.07001931577424392,0.07664327593557954,-0.006623960161335624
2025-07-14,3.9000000953674316,4.099999904632568,3.5,3.5199999809265137,101000,3.4775000333786013,3.376733326911926,3.515488679470154,3.4241000056266784,3.710617362741244,3.1375826485121125,70.54264439849393,3.4954965289674216,3.3925288128155113,0.10296771615191025,0.08190816397884569,0.021059552173064558
2025-07-15,3.553999900817871,4.090000152587891,3.553999900817871,3.819999933242798,38900,3.491900014877319,3.3928666591644285,3.5224907197151936,3.4343000054359436,3.724214798195459,3.1443852126764282,54.738152797167025,3.504497047713645,3.40448963414902,0.10000741356462495,0.08552801389600154,0.01447939966862341
2025-07-16,3.5,3.9600000381469727,3.5,3.75,31100,3.5009000062942506,3.4028666575749713,3.5184014979487945,3.443550002574921,3.7292119489892626,3.157888056160579,52.14723737935543,3.503805194219238,3.4115644760639072,0.09224071815533064,0.08687055474786737,0.005370163407463269
2025-07-17,3.6500000953674316,3.6559998989105225,3.5799999237060547,3.6449999809265137,5600,3.511900019645691,3.41453332901001,3.542328515661274,3.4650500059127807,3.7445288812363886,3.1855711305891727,54.385967602959184,3.5262967174728064,3.4292263737900943,0.09707034368271206,0.08891051253483631,0.008159831147875746
2025-07-18,3.5869998931884766,3.9600000381469727,3.4000000953674316,3.755000114440918,60100,3.516600012779236,3.4240999937057497,3.5504505843025838,3.477900004386902,3.7548555962706702,3.2009444125031337,54.93206691266165,3.5356356675829095,3.440913301152938,0.09472236642997167,0.0900728833138634,0.004649483116108272
2025-07-21,3.5950000286102295,4.070000171661377,3.5950000286102295,3.619999885559082,90500,3.551100015640259,3.43493332862854,3.5585504832676103,3.489150011539459,3.7659302307219704,3.212369792356948,55.47013282914372,3.544768646202497,3.452327132816441,0.09244151338605633,0.090546609328302,0.001894904057754332
2025-07-22,3.640000104904175,3.759999990463257,3.5999999046325684,3.5999999046325684,1900,3.5831000328063967,3.446600000063578,3.5733595053833493,3.502650022506714,3.7812928304339954,3.2240072145794323,56.62442246001201,3.559419639848909,3.4662288344525694,0.09319080539633973,0.09107544854190955,0.002115356854430178
2025-07-23,3.7950000762939453,3.9000000953674316,3.619999885559082,3.640000104904175,10000,3.622600030899048,3.463433337211609,3.6136577910034577,3.5223000288009643,3.825411708908766,3.2191883486931627,57.24020507510517,3.5956627839173763,3.4905822597741527,0.10508052414322355,0.09387646366217235,0.0112040604810512
2025-07-24,3.802000045776367,3.802000045776367,3.700000047683716,3.700000047683716,1400,3.6558000326156614,3.478166675567627,3.6479018373258048,3.5409000277519227,3.8650857762349657,3.2167142792688797,57.409502109895804,3.627406978049529,3.513650243922465,0.113756734127064,0.09785251775515069,0.015904216371913305
2025-07-25,3.75,3.940000057220459,3.740000009536743,3.799999952316284,4300,3.6773000240325926,3.490166672070821,3.666465139630204,3.5534000277519224,3.889987510347995,3.21681254515585,66.33986194791319,3.6462674429649864,3.5311576332615418,0.11510980970344464,0.10130397614480949,0.013805833558635155
2025-07-28,3.7699999809265137,3.9000000953674316,3.759999990463257,3.8310000896453857,6700,3.664300012588501,3.504166674613953,3.685289656229533,3.570900022983551,3.9146036529188475,3.2271963930482546,65.2026967705414,3.665303218035991,3.5488496590145027,0.11645355902148813,0.10433389272014523,0.012119666301342896
2025-07-29,3.5899999141693115,3.799999952316284,3.4639999866485596,3.75,7600,3.667900013923645,3.512166674931844,3.6679642485822197,3.579900014400482,3.915187447729037,3.244612581071927,56.01265006217741,3.653718094364194,3.5518978260630067,0.10182026830118707,0.1038311678363536,-0.0020108995351665326
2025-07-30,3.319999933242798,3.4600000381469727,3.119999885559082,3.4600000381469727,18400,3.6499000072479246,3.5123333374659222,3.604698009429597,3.575400006771088,3.922496524240674,3.2283034893015015,45.78651580044856,3.602376838807056,3.534720204372621,0.0676566344344347,0.09659626115596984,-0.028939626721535133
2025-07-31,3.2899999618530273,3.6500000953674316,3.0999999046325684,3.2230000495910645,91800,3.613899993896484,3.5146666685740153,3.5474801825974938,3.5629000067710876,3.932632765608069,3.1931672479341064,42.979941558092904,3.5543188577372056,3.516592779000799,0.03772607873640643,0.08482222467205716,-0.04709614593565073
2025-08-01,3.2049999237060547,3.259999990463257,3.140000104904175,3.259999990463257,4400,3.5756999969482424,3.5105000019073485,3.485211044617232,3.546150004863739,3.9491108342698813,3.143189175457597,26.279867813635832,3.5005774832708747,3.493511826756744,0.007065656514130492,0.06927091104047182,-0.06220525452634133
2025-08-04,3.384999990463257,3.549999952316284,3.3459999561309814,3.380000114440918,103000,3.554699993133545,3.5110000054041546,3.466990852952873,3.5529000043869017,3.9391494587033242,3.166650550070479,43.495002113463336,3.482796330531241,3.4854739129572265,-0.002677582425985481,0.054881212347180366,-0.05755879477316585
2025-08-05,3.4000000953674316,3.4000000953674316,3.3580000400543213,3.390000104904175,58500,3.5306999921798705,3.512000012397766,3.4548107152100656,3.5569000124931334,3.9345553781656704,3.1792446468205964,46.03175203876156,3.470058448198347,3.479142519061686,-0.009084070863338845,0.04208815570507653,-0.05117222656841537
2025-08-06,3.4000000953674316,3.4000000953674316,3.2249999046325684,3.2249999046325684,4500,3.491199994087219,3.5119333505630492,3.4448451479659505,3.5569000124931334,3.9345553781656704,3.1792446468205964,38.73874493092308,3.459280240070514,3.473280117306556,-0.013999877236042124,0.030870549116852795,-0.04487042635289492
2025-08-07,3.259999990463257,3.390000104904175,3.2300000190734863,3.390000104904175,1200,3.4369999885559084,3.5062666813532513,3.411236937510915,3.546400010585785,3.9453077290746283,3.1474922920969415,36.22578932684641,3.428621740130936,3.4574815893922377,-0.028859849261301918,0.018924469441221857,-0.047784318702523775
2025-08-08,3.380000114440918,3.4000000953674316,3.256999969482422,3.259999990463257,10000,3.4,3.5022666851679483,3.4055575151345514,3.5386500120162965,3.9444533646984694,3.1328466593341235,41.724409886713616,3.4211414900247794,3.451742220877325,-0.030600730852545777,0.00901942938246833,-0.03962016023501411
2025-08-11,3.380000114440918,3.390000104904175,3.319999933242798,3.390000104904175,4000,3.3610000133514406,3.500933353106181,3.400910715008436,3.5126500129699707,3.8863339839325057,3.1389660420074357,39.63317774022993,3.414812047627262,3.4464279907709248,-0.03161594314366267,0.0008923548772421293,-0.032508298020904804
2025-08-12,3.2820000648498535,3.359999895095825,3.200000047683716,3.309999942779541,8400,3.330200028419495,3.496666685740153,3.3792905967977847,3.49905002117157,3.8859619554020894,3.11213808694105,28.571437107715,3.394379434892276,3.434248144406401,-0.03986870951412502,-0.007259858001031302,-0.03260885151309372
2025-08-13,3.359999895095825,3.450000047683716,3.1700000762939453,3.309999942779541,27700,3.3342000246047974,3.4950000127156575,3.3757831964883374,3.492050015926361,3.883923531146113,3.100176500706609,32.57097698377646,3.389090274923591,3.428748274087099,-0.039657999163507984,-0.01373948623352664,-0.025918512929981347
2025-08-14,3.433000087738037,3.440000057220459,3.1700000762939453,3.1700000762939453,13800,3.3485000371932983,3.491433350245158,3.386186267624646,3.4812000155448914,3.866623163165598,3.095776867924185,37.70365451700375,3.395845630741198,3.4290632232464278,-0.03321759250522982,-0.01763510748786728,-0.015582485017362542
2025-08-15,3.380000114440918,3.490000009536743,3.380000114440918,3.4100000858306885,3800,3.3660000562667847,3.4861000219980878,3.3850615125003314,3.4708500266075135,3.855427066561192,3.086272986653835,35.24963245319282,3.3934078590026933,3.425428918890464,-0.0320210598877706,-0.020512297967847943,-0.011508761919922655
2025-08-18,3.369999885559082,3.5,3.2899999618530273,3.2899999618530273,2500,3.364500045776367,3.4901000181833903,3.3823230348746494,3.459600019454956,3.842043382476502,3.07715665643341,40.45139316463436,3.389806632319061,3.421323064569621,-0.03151643225055967,-0.022713124824390286,-0.00880330742616938
2025-08-19,3.369999885559082,3.369999885559082,3.2799999713897705,3.2799999713897705,2900,3.3615000247955322,3.4917666832606,3.380082462271819,3.4461000084877016,3.82071219682964,3.071487820145763,52.834462216496334,3.3867594405098336,3.4175213476058772,-0.03076190709604365,-0.02432288127872096,-0.00643902581732269
2025-08-20,3.380000114440918,3.4800000190734863,3.259999990463257,3.259999990463257,11100,3.359500026702881,3.491100017229716,3.3800674899389276,3.42535001039505,3.7627127156058595,3.0879873051842406,55.22042077790749,3.385719544191539,3.4147419970010655,-0.029022452809526644,-0.0252627955848821,-0.0037596572246445456
2025-08-21,3.380000114440918,3.380000114440918,3.2820000648498535,3.3299999237060547,6600,3.371500039100647,3.488100020090739,3.38005523984838,3.4042500138282774,3.691487946533235,3.11701208112332,61.26126043195135,3.3848396319222127,3.412168524218832,-0.0273288922966195,-0.02567601492722958,-0.001652877369389922
2025-08-22,3.3399999141693115,3.390000104904175,3.299999952316284,3.390000104904175,3900,3.3675000190734865,3.481600014368693,3.3727724533612764,3.383750009536743,3.6213174010951295,3.1461826179783565,46.46781766136085,3.3779412138063813,3.406822701252201,-0.028881487445819864,-0.026317109430947637,-0.0025643780148722276
2025-08-25,3.4000000953674316,3.4100000858306885,3.319999933242798,3.3399999141693115,8300,3.369500017166138,3.4649333477020265,3.377722933726032,3.365250015258789,3.5190179815357556,3.2114820489818223,50.0,3.3813348878926965,3.4063173230385146,-0.024982435145818105,-0.026050174573921732,0.001067739428103627
2025-08-26,3.3570001125335693,3.4140000343322754,3.3499999046325684,3.369999885559082,1900,3.377000021934509,3.4583666880925494,3.373955148054675,3.353600025177002,3.4651941099646857,3.242005940389318,47.03448842849506,3.3775910762989847,3.4026641963344444,-0.025073120035459695,-0.025854763666229328,0.000781643630769633
2025-08-27,3.359999895095825,3.431999921798706,3.359999895095825,3.374000072479248,3500,3.377000021934509,3.4537000179290773,3.3714178293348835,3.3556000232696532,3.46608687046751,3.2451131760717966,58.50338205229467,3.374884740729268,3.399503877724176,-0.024619136994908253,-0.025607638331965117,0.0009885013370568643
2025-08-28,3.2200000286102295,3.3489999771118164,3.180000066757202,3.3489999771118164,6300,3.3557000160217285,3.439366682370504,3.343887320112219,3.3521000266075136,3.4750667505006083,3.229133302714419,36.842109390899886,3.351056323480185,3.3862072963083283,-0.03515097282814317,-0.02751630523120073,-0.007634667596942438
2025-08-29,3.180000066757202,3.252000093460083,3.1449999809265137,3.2200000286102295,7000,3.335700011253357,3.425800021489461,3.3140896376840336,3.3508500337600706,3.4804425761001125,3.2212574914200287,34.567908956547925,3.324739976292034,3.3709326867119485,-0.04619271041991446,-0.031251586268943476,-0.014941124150970986
2025-09-02,3.0,3.2799999713897705,3.0,3.200000047683716,23100,3.2987000226974486,3.4059666872024534,3.256982430832391,3.331600034236908,3.533845770855568,3.1293542976182476,30.68494018637142,3.2747799799394133,3.3434561913999525,-0.06867621146053926,-0.03873651130726263,-0.029939700153276627
2025-09-03,2.9700000286102295,3.0,2.950000047683716,3.0,6700,3.2587000370025634,3.383633351325989,3.204803812246543,3.310100030899048,3.566028412428359,3.054171649369737,21.407661129907268,3.2278907566580006,3.315792771934047,-0.08790201527604635,-0.048569612101019385,-0.03933240317502697
2025-09-04,3.0,3.0,2.9700000286102295,3.0,5100,3.2207000255584717,3.3571333487828574,3.167566755474444,3.290100026130676,3.577081357634453,3.0031186946268993,16.118951018632544,3.1928306402490776,3.2924007147537475,-0.09957007450466993,-0.0587697045817495,-0.040800369922920424
2025-09-05,3.009999990463257,3.009999990463257,2.9600000381469727,3.009999990463257,7300,3.1837000131607054,3.3307333469390867,3.138918252745137,3.2776000261306764,3.590692200160589,2.9645078521007635,18.959743692213138,3.1647028479743358,3.2714821425840817,-0.10677929460974589,-0.06837162258734879,-0.0384076720223971
2025-09-08,3.0899999141693115,3.197999954223633,2.9010000228881836,2.9800000190734863,2082800,3.1587000131607055,3.308733344078064,3.130024009367714,3.2631000161170958,3.5830111511294644,2.943188881104727,28.978985160415277,3.1532100889274086,3.258039014553358,-0.10482892562594959,-0.07566308319506895,-0.029165842430880634
2025-09-09,2.5799999237060547,2.700000047683716,2.450000047683716,2.6500000953674316,359400,3.076699995994568,3.2690666755040487,3.0300196301565028,3.223100006580353,3.6600969295981476,2.786103083562558,16.411569625313945,3.065023909662585,3.207813896712817,-0.14278998705023227,-0.08908846396610162,-0.05370152308413065
2025-09-10,2.9800000190734863,3.990000009536743,2.5799999237060547,2.609999895095825,1939800,3.0389999866485597,3.2487333456675214,3.020925155414136,3.2080000042915344,3.6571297268797016,2.7588702817033672,37.228604748884045,3.051943311110416,3.1909387946654593,-0.1389954835550431,-0.09906986788388993,-0.03992561567115317
2025-09-11,2.799999952316284,3.390000104904175,2.700000047683716,2.869999885559082,271000,2.9829999923706056,3.2314000129699707,2.9807569366690716,3.1800000071525574,3.658118741677829,2.701881272627286,33.390602949098465,3.0131827943728577,3.161980361898854,-0.14879756752599604,-0.10901540781231114,-0.0397821597136849
2025-09-12,2.869999885559082,3.0899999141693115,2.7079999446868896,2.7200000286102295,108200,2.9479999780654906,3.217400010426839,2.96061929101271,3.15184999704361,3.6335314409511947,2.670168553136025,36.76801560675322,2.991154654555354,3.140352178466278,-0.149197523910924,-0.11705183103203373,-0.03214569287889027
2025-09-15,2.8299999237060547,2.9200000762939453,2.5299999713897705,2.559999942779541,108400,2.912999963760376,3.2049000104268393,2.9368703151387723,3.1243499875068665,3.6139235499212603,2.634776425092473,33.7699227556198,2.966361619040077,3.117363122558113,-0.1510015035180361,-0.1238417655292342,-0.02715973798880189
2025-09-16,2.75,2.9200000762939453,2.7239999771118164,2.819999933242798,30900,2.887999963760376,3.183733344078064,2.9028938942044498,3.0933499932289124,3.5957787982719194,2.5909211881859053,33.073054105607625,2.9330752161108347,3.09015103940566,-0.1570758232948255,-0.13048857708235245,-0.026587246212473048
2025-09-17,2.8499999046325684,2.990000009536743,2.7300000190734863,2.75,82200,2.8759999513626098,3.165400004386902,2.8932768051913804,3.0673499941825866,3.563276335983221,2.5714236523819523,36.50793410512849,2.9202943989603325,3.072362066459505,-0.15206766749917255,-0.13480439516571646,-0.017263272333456092
2025-09-18,2.869999885559082,2.950000047683716,2.799999952316284,2.940000057220459,14900,2.862999939918518,3.1477333307266235,2.8890446379855077,3.041849982738495,3.522292959110365,2.561407006366625,40.112988870969346,2.9125567815139863,3.0573722752816956,-0.1448154937677093,-0.13680661488611504,-0.008008878881594267
2025-09-19,2.869999885559082,2.950000047683716,2.7690000534057617,2.799999952316284,34800,2.8489999294281008,3.1347333272298177,2.8855819557261575,3.016349971294403,3.474860795822834,2.5578391467659722,41.04045605483353,2.9060095667516936,3.0434928390059466,-0.13748327225425294,-0.1369419463597426,-0.0005413258945103361
2025-09-22,3.0,3.0,2.869999885559082,2.869999885559082,18000,2.8399999380111693,3.1220666567484536,2.9063852365032194,2.9993499755859374,3.431807062219467,2.566892888952408,50.0,2.9204696334052795,3.0402711472277284,-0.11980151382244886,-0.13351385985228387,0.01371234602983501
2025-09-23,4.21999979019165,5.019999980926514,3.809999942779541,4.590000152587891,54188200,3.003999924659729,3.1500666459401447,3.1452242462647524,3.0403499603271484,3.718456667097567,2.3622432535567297,71.77700200811604,3.1203973498339517,3.127658454113945,-0.007261104279993269,-0.10826330873782575,0.10100220445783248
2025-09-24,4.260000228881836,4.309999942779541,3.6110000610351562,4.119999885559082,532500,3.131999945640564,3.1826666514078776,3.3479107885587673,3.0854999661445617,3.9476509299163887,2.2233490023727347,71.87500310440846,3.2957208696874725,3.21153562261527,0.08418524707220243,-0.06977359757582012,0.15395884464802256
2025-09-25,4.449999809265137,4.510000228881836,3.9059998989105225,3.9100000858306885,2480100,3.296999931335449,3.218999981880188,3.5482906105053793,3.1399999618530274,4.192095611979118,2.0879043117269367,73.52941107722432,3.4733022450071127,3.3032737105152603,0.1700285344918524,-0.02181317116228562,0.19184170565413802
2025-09-26,4.409999847412109,4.960000038146973,4.190000057220459,4.329999923706055,219300,3.450999927520752,3.2515666405359904,3.7049650172156934,3.199499952793121,4.395413582047178,2.0035863235390643,71.85430539385766,3.6174095684540353,3.385253424359471,0.2321561440945641,0.02898069188908432,0.20317545220547978
2025-09-29,3.799999952316284,4.1479997634887695,3.799999952316284,4.019999980926514,172000,3.547999930381775,3.2655666351318358,3.722244096324892,3.2304999470710754,4.456060588014115,2.004939306128036,69.55128472095127,3.6455003967405353,3.415975389393309,0.22952500734722614,0.06908955498071269,0.16043545236651346
2025-09-30,3.7200000286102295,3.8550000190734863,3.6700000762939453,3.680000066757202,103900,3.644999933242798,3.2772333065668744,3.721836084013135,3.266499948501587,4.505774337569941,2.0272255594332336,63.214288360002584,3.656961878566642,3.438495733039007,0.2184661455276351,0.09896487309009719,0.11950127243753791
2025-10-01,3.5199999809265137,3.7200000286102295,3.5,3.640000104904175,71000,3.711999940872192,3.2822333097457888,3.6851386107246578,3.293999946117401,4.529976429518277,2.058023462716525,62.76596041489913,3.635890817391237,3.4445330847343776,0.19135773265685962,0.11744344500344969,0.07391428765340993
2025-10-02,3.950000047683716,4.130000114440918,3.5,3.5,322800,3.8199999570846557,3.3012333075205484,3.7332952356263043,3.341499948501587,4.6026652434927335,2.08033465351044,66.98113681441998,3.684215314359311,3.481975081989884,0.202240232369427,0.13440280247664516,0.06783742989278185
2025-10-03,3.7899999618530273,4.070000171661377,3.75600004196167,3.940000057220459,738000,3.91199996471405,3.314899969100952,3.7436051858493444,3.3804999470710753,4.646733073786226,2.1142668203559243,64.54545638449608,3.7004898755121904,3.504791739757524,0.19569813575466632,0.1466618691322494,0.04903626662241692
2025-10-06,3.7100000381469727,4.010000228881836,3.640000104904175,4.010000228881836,155800,3.9829999685287474,3.327233306566874,3.737495158994368,3.4114999532699586,4.678145345125977,2.14485456141394,64.54545638449608,3.701952977456003,3.5199923544530387,0.18196062300296445,0.15372161990639244,0.028239003096572013
2025-10-07,17.920000076293945,31.700000762939453,16.399999618530273,24.889999389648438,77432200,5.352999997138977,3.811233305931091,6.3161324166852,4.178499960899353,10.758537689041477,-2.40153776724277,93.27972516869792,5.889344838815687,4.586659593107921,1.3026852457077656,0.3835143450666671,0.9191709006410984
2025-10-08,10.649999618530273,11.65999984741211,9.880999565124512,10.5,1977600,5.991999936103821,4.0543332894643145,7.104108271566122,4.561999940872193,11.716869014054417,-2.5928691323100326,65.7745329089083,6.621753266464085,5.035795891287354,1.5859573751767302,0.6240029510886798,0.9619544240880504
2025-10-09,14.75,18.450000762939453,13.399999618530273,15.3100004196167,12818500,7.021999955177307,4.433999959627787,8.494270404008645,5.159499943256378,13.578942300042844,-3.259942413530087,70.65368536670194,7.872252763931148,5.75536656600681,2.1168861979243383,0.9225796004558116,1.1943065974685267
2025-10-10,12.65999984741211,14.75,12.1899995803833,13.710000038146973,595400,7.846999955177307,4.748666620254516,9.251675757354729,5.64899994134903,14.627767632341254,-3.329767749643195,65.72265562093284,8.608829238312834,6.266820883147943,2.342008355164891,1.2064653513976276,1.1355430037672636
2025-10-13,12.75,13.0600004196167,12.40999984741211,12.779999732971191,169300,8.741999959945678,5.067666618029277,9.88773471056296,6.144999945163727,15.553774121035659,-3.2637742307082043,64.41365307688874,9.245932432418552,6.747056373285133,2.498876059133419,1.4649474929447859,1.0339285661886333
2025-10-14,11.350000381469727,12.670000076293945,11.239999771118164,12.350000381469727,215000,9.504999995231628,5.345999964078268,10.153601196182372,6.574999964237213,16.115626713768087,-2.9656267852936598,61.4539581373955,9.569635193811042,7.088015188706214,2.481620005104828,1.6682819953767942,0.8133380097280338
2025-10-15,11.675000190734863,12.3100004196167,10.529999732971191,10.829999923706055,163500,10.320500016212463,5.636166636149088,10.430219195191913,7.016249978542328,16.647364572613164,-2.614864615528509,61.62136120600514,9.89353750103009,7.42779185552315,2.4657456455069404,1.8277747254028236,0.6379709201041168
2025-10-16,10.989999771118164,12.970000267028809,10.699999809265137,11.859999656677246,215700,11.024499988555908,5.902499961853027,10.531997481723959,7.422249972820282,17.00188656864109,-2.1573866230005265,60.36873577368855,10.062224004120564,7.691659108530188,2.370564895590376,1.9363327594403341,0.43423213615004186
2025-10-17,9.579999923706055,10.5649995803833,9.510000228881836,10.199999809265137,90500,11.60349998474121,6.121499959627787,10.358907016629795,7.757749974727631,17.13394071938486,-1.6184407699295988,58.88410668155919,9.988035684056793,7.831536205950623,2.156499478106171,1.9803661031735016,0.17613337493266923
2025-10-20,9.430000305175781,9.75,9.229999542236328,9.3100004196167,94900,12.175500011444091,6.3328333059946695,10.190014887274518,8.079249989986419,17.206185456884334,-1.0476854769114965,58.75766896930984,9.902184087305868,7.9499409540413755,1.952243133264492,1.9747415091916998,-0.022498375927207714
2025-10-21,8.529999732971191,9.350000381469727,8.430000305175781,9.210000038146973,78500,11.236499977111816,6.531166632970174,9.888193950128459,8.294749987125396,17.23972888541138,-0.6502289111605908,57.522521891693415,9.69107880202361,7.99290827099914,1.698170531024469,1.9194273135582536,-0.22125678253378456
2025-10-22,7.730000019073486,8.390000343322754,7.730000019073486,8.1899995803833,98700,10.944500017166138,6.689499966303507,9.495795053573008,8.46824997663498,17.216155200398813,-0.27965524712885426,55.61330543885591,9.389374373877436,7.973433585671314,1.4159407882061217,1.8187300084878273,-0.4027892202817056
2025-10-23,8.289999961853027,8.395000457763672,7.5,7.5,122200,10.29850001335144,6.872499966621399,9.276559582351194,8.660249984264373,17.202971431208702,0.11752853732004453,56.604050358593575,9.220239848950603,7.99688294686996,1.2233569020806438,1.6996553872063909,-0.476298485125747
2025-10-24,8.430000305175781,8.609999656677246,8.020000457763672,8.020000457763672,174900,9.875500059127807,7.057833313941956,9.122639713773847,8.861250007152558,17.168840634819574,0.5536593794855396,56.914737942153636,9.098664534523708,8.028965714151873,1.0696988203718352,1.5736640738394798,-0.5039652534676446
2025-10-27,7.34499979019165,8.354999542236328,7.224999904632568,8.260000228881836,66800,9.335000038146973,7.208333309491476,8.79943245494072,9.038499999046326,17.036930188258864,1.0400698098337866,24.827423212821614,8.828869958472623,7.978301571636301,0.8505683868363221,1.4290449364388484,-0.5784765496025264
2025-10-28,7.159999847412109,7.429999828338623,7.019999980926514,7.119999885559082,58100,8.91599998474121,7.355333304405212,8.501353799026425,9.21049998998642,16.868056932154545,1.5529430478182968,37.464082209460436,8.57212071061716,7.917686629101175,0.6544340815159844,1.2741227654542757,-0.6196886839382914
2025-10-29,7.46999979019165,7.5,7.039999961853027,7.039999961853027,111100,8.49549994468689,7.509333300590515,8.313834888329193,9.407999980449677,16.639492112998727,2.176507847900626,14.067128406308143,8.402563645936313,7.884524641033804,0.5180390049025094,1.1229060133439226,-0.6048670084414132
2025-10-30,7.349999904632568,7.539999961853027,7.070000171661377,7.199999809265137,75700,8.13149995803833,7.658666634559632,8.138592164020714,9.57799997329712,16.41853509847774,2.737464848116499,17.463236937627983,8.240630762658814,7.844930216115194,0.39570054654361986,0.9774649199838621,-0.5817643734402422
2025-10-31,7.320000171661377,7.53000020980835,7.179999828338623,7.199999809265137,31800,7.905499982833862,7.806999977429708,7.989757256319017,9.754499983787536,16.13276814820976,3.376231819365313,16.481482146480715,8.098995287120747,7.806046509118615,0.29294877800213204,0.8405616915875161,-0.5476129135853841
2025-11-03,6.699999809265137,7.639999866485596,6.659999847412109,7.21999979019165,94600,7.632499933242798,7.930333304405212,7.755255902309219,9.903999972343446,15.808288056953671,3.999711887733219,18.23770382343892,7.883765213604499,7.724117123944283,0.15964808966021593,0.7043789712020562,-0.5447308815418402
2025-11-04,5.960000038146973,6.23199987411499,5.843999862670898,6.159999847412109,43400,7.375499963760376,7.98833331267039,7.42884574518881,9.305999970436096,14.112459051223937,4.499540889648256,13.057532633290009,7.587801340457187,7.593441784255593,-0.005640443798406558,0.5623750882019637,-0.5680155320003702
2025-11-05,5.940000057220459,6.099999904632568,5.800000190734863,5.800000190734863,21700,7.196499967575074,8.044333306948344,7.158146529194564,9.070499992370605,14.057834431167196,4.083165553574014,14.28571717622033,7.33429345072846,7.470964619290028,-0.13667116856156802,0.4225658368492574,-0.5592370054108254
2025-11-06,5.820000171661377,5.96999979019165,5.699999809265137,5.849999904632568,20300,6.949499988555909,8.089999985694885,6.914847191461257,8.624000000953675,13.03620631673846,4.211793685168891,17.47405176850893,7.101325253948908,7.348670956502721,-0.2473457025538126,0.2885835289686434,-0.535929231522456
2025-11-07,4.949999809265137,5.474999904632568,4.949999809265137,5.070000171661377,41200,6.601499938964844,8.10799998442332,6.557602212880143,8.238499999046326,12.510999805716802,3.9660001923758497,15.538462779930882,6.7703521086129435,7.1709916122629,-0.4006395036499564,0.15073892244492348,-0.5513784260948799
2025-11-10,17.25,25.8799991607666,15.0600004196167,21.440000534057617,43784000,7.591999959945679,8.55633331934611,8.501674537811025,8.463499999046325,14.01799006231623,2.90900993577642,74.35754186670074,8.382605630364798,7.917584826169351,0.4650208041954471,0.2135952987950282,0.2514255054004189
